{"cameraMode":{"drawMode":0,"name":"Shaded","section":"Shading Mode"},"sceneLighting":false,"audioPlay":false,"sceneViewState":{"showFog":true,"showMaterialUpdate":false,"showSkybox":true,"showFlares":true,"showImageEffects":true,"showParticleSystems":true},"in2DMode":false,"pivot":{"x":422.3346252441406,"y":1142.604248046875,"z":16.5},"rotation":{"x":-0.09167159348726273,"y":0.014037184417247773,"z":-0.0012920638546347619,"w":-0.9956895709037781},"size":4.0578837394714359,"orthographic":false}